OPEN_TIME,OPEN_PRICE,HIGH_PRICE,LOW_PRICE,CLOSE_PRICE,TRADE_VOLUME,CLOSE_TIME,QUOTE_ASSET_VOLUME,TRADE_COUNT,TAKER_BUY_BASE,TAKER_BUY_QUOTE,IGNORE,SYMBOL,PATTERN,MATCH_COUNT,CURRENT_TREND,MAX_PUMP,MAX_DUMP,ETP,PATTERN_RANK,PATTERN_SCORE
2021-02-20,55906.0,56609.14,55322.0,55815.1,20969.03794600,2021-02-20 23:59:59.999,1174249447.67199704,680125,10447.85548400,585138926.79230224,0,BTCUSDT,NO_PATTERN,0.0,99.83740564519013,101.25771831288233,98.95538940364183,3,,
2021-02-20,1955.46,2042.34,1922.51,2022.14,398315.54193000,2021-02-20 23:59:59.999,791589301.08942220,355582,211465.53873000,420905762.98244190,0,ETHUSDT,NO_PATTERN,0.0,103.40993934930911,104.4429443711454,98.31497448170762,3,,
2021-02-20,333.2212,335.0,269.1401,302.7523,4647367.60400000,2021-02-20 23:59:59.999,1385496521.95005680,1327599,2268933.41700000,676711616.02101760,0,BNBUSDT,NO_PATTERN,0.0,90.85625404386035,100.53381957690566,80.76920075913537,1,,
2021-02-20,47.824,49.892,47.41,49.516,559291.08700000,2021-02-20 23:59:59.999,27353052.81622100,41804,277228.00400000,13569584.16191400,0,NEOUSDT,NO_PATTERN,0.0,103.53797256607562,104.3241886918702,99.13432586149213,1,,
2021-02-20,236.45,247.04,230.61,242.73,470313.94503000,2021-02-20 23:59:59.999,113183948.98911950,228101,248734.39698000,59899401.87305650,0,LTCUSDT,NO_PATTERN,0.0,102.65595263269189,104.47874814971453,97.53013322055403,3,,
2021-02-20,7.267,7.391,7.064,7.317,1301627.75900000,2021-02-20 23:59:59.999,9424070.55295900,20525,628897.13600000,4553172.00579400,0,QTUMUSDT,NO_PATTERN,0.0,100.68804183294344,101.70634374569974,97.20655015824961,1,,
2021-02-20,0.92597,1.1,0.91329,1.06241,536253481.49000000,2021-02-20 23:59:59.999,554324167.91574320,511518,280630570.49000000,289775312.87939720,0,ADAUSDT,NO_PATTERN,0.0,114.73481862263357,118.79434538915949,98.63062518224133,1,,
2021-02-20,0.56478,0.58235,0.555,0.5745,291349481.00000000,2021-02-20 23:59:59.999,164665108.09475600,158092,142989764.10000000,80847904.28147000,0,XRPUSDT,NO_PATTERN,0.0,101.72102411558484,103.1109458550232,98.26835227876343,3,,
2021-02-20,5.2265,5.4545,5.1311,5.3905,13913436.83000000,2021-02-20 23:59:59.999,74096307.98325100,107091,6941707.56000000,36982594.50985700,0,EOSUSDT,NO_PATTERN,0.0,103.13785516119776,104.36238400459199,98.17468669281546,3,,
2021-02-20,0.9997,1.0206,0.9993,0.9996,5748783.01000000,2021-02-20 23:59:59.999,5748718.23885600,8181,3707132.79000000,3707720.05983600,0,TUSDUSDT,CDLMATCHINGLOW_Bull,1.0,99.98999699909973,102.09062718815645,99.95998799639891,1,7.0,100.0
2021-02-20,1.4872,1.5348,1.4426,1.51,10211661.17000000,2021-02-20 23:59:59.999,15193441.01813900,35231,5092836.18000000,7580041.72353100,0,IOTAUSDT,NO_PATTERN,0.0,101.53308230231306,103.2006455083378,97.0010758472297,1,,
2021-02-20,0.51278,0.53269,0.50139,0.52799,107507193.20000000,2021-02-20 23:59:59.999,56065172.75723700,86976,53999944.90000000,28161990.28692800,0,XLMUSDT,CDL3OUTSIDE_Bull,2.0,102.96618432856195,103.88275673778229,97.77877452318732,1,34.0,100.0
2021-02-20,1.2633,1.2941,1.2301,1.2764,13376325.03000000,2021-02-20 23:59:59.999,16874674.80265000,32438,6565143.24000000,8287297.42289400,0,ONTUSDT,NO_PATTERN,0.0,101.03696667458244,102.43805905169,97.37196232090555,1,,
2021-02-20,0.0607,0.062,0.05811,0.06134,914878365.80000000,2021-02-20 23:59:59.999,55207802.64719600,76260,441360717.10000000,26641333.62293200,0,TRXUSDT,NO_PATTERN,0.0,101.05436573311368,102.14168039538716,95.73311367380562,1,,
2021-02-20,15.3941,17.4822,15.0179,17.0508,3309117.50000000,2021-02-20 23:59:59.999,54149228.30375500,91104,1809913.30000000,29612458.74751400,0,ETCUSDT,NO_PATTERN,0.0,110.76191527923034,113.56428761668431,97.55620659863193,1,,
2021-02-20,2.2724,2.2856,2.1525,2.2337,5219065.10000000,2021-02-20 23:59:59.999,11501282.87978800,28243,2526031.18000000,5566435.73889300,0,ICXUSDT,CDLXSIDEGAP3METHODS_Bull,1.0,98.29695476148564,100.5808836472452,94.72364020418938,1,27.0,100.0
2021-02-20,0.7168,0.7247,0.6947,0.7229,697892.59000000,2021-02-20 23:59:59.999,492717.79257700,4734,354661.16000000,250716.92042100,0,NULSUSDT,NO_PATTERN,0.0,100.85100446428572,101.10212053571428,96.91685267857143,1,,
2021-02-20,0.053592,0.05677,0.0525,0.056501,808752647.00000000,2021-02-20 23:59:59.999,44276044.28658300,77545,423681061.00000000,23207316.61119200,0,VETUSDT,CDLENGULFING_Bull,1.0,105.42804896253173,105.92998955067921,97.96238244514106,1,84.0,100.0
2021-02-20,0.9995,1.0005,0.9992,0.9997,3821287.78000000,2021-02-20 23:59:59.999,3820072.67927100,2021,1823665.40000000,1823181.48470400,0,PAXUSDT,NO_PATTERN,0.0,100.02001000500249,100.1000500250125,99.96998499249624,1,,
2021-02-20,0.9997,1.0006,0.9995,0.9996,56152840.77000000,2021-02-20 23:59:59.999,56141788.13827800,19311,24038421.48000000,24034949.15239300,0,USDCUSDT,CDLMATCHINGLOW_Bull,1.0,99.98999699909973,100.09002700810241,99.97999399819946,1,7.0,100.0
2021-02-20,34.6846,35.4208,33.7921,35.0631,2458900.55000000,2021-02-20 23:59:59.999,85054108.08972700,92217,1197695.01000000,41449397.17105800,0,LINKUSDT,NO_PATTERN,0.0,101.09126240464066,102.12255583169474,97.42681189922904,3,,
2021-02-20,12.5662,12.8253,12.0,12.703,402205.28000000,2021-02-20 23:59:59.999,5056141.15449600,16194,168660.80000000,2121415.30011400,0,WAVESUSDT,NO_PATTERN,0.0,101.08863459120496,102.06188028202638,95.49426238640162,1,,
2021-02-20,0.0014273,0.0015555,0.0013851,0.0014415,13172752651.00000000,2021-02-20 23:59:59.999,19154511.89579670,61897,6317130072.00000000,9201767.82353740,0,BTTUSDT,NO_PATTERN,0.0,100.99488544804875,108.98199397463742,97.04336859805225,1,,
2021-02-20,0.4487,0.4637,0.4265,0.4455,1923434.56000000,2021-02-20 23:59:59.999,852033.17863000,7249,850876.24000000,377553.46234000,0,ONGUSDT,CDLHIKKAKE_Bear,1.0,99.28682861600178,103.34299086249163,95.05237352351237,1,83.0,100.0
2021-02-20,0.0018535,0.0020423,0.0017533,0.0019776,3495991096.00000000,2021-02-20 23:59:59.999,6641129.69854370,28767,1828142019.00000000,3481530.54763200,0,HOTUSDT,CDL3OUTSIDE_Bull,1.0,106.69544105745888,110.18613434043701,94.59401132991637,1,34.0,100.0
2021-02-20,0.14922,0.154,0.14,0.14986,141903909.90000000,2021-02-20 23:59:59.999,20742826.05439400,54433,70831052.20000000,10358838.63708000,0,ZILUSDT,NO_PATTERN,0.0,100.42889693070633,103.203323951213,93.8212035920118,1,,
2021-02-20,1.56,1.65,1.5149,1.6339,5530057.17000000,2021-02-20 23:59:59.999,8693059.98083700,18832,3075952.41000000,4837673.83014600,0,ZRXUSDT,NO_PATTERN,0.0,104.73717948717949,105.76923076923077,97.10897435897435,1,,
2021-02-20,0.29148,0.30423,0.27648,0.303,21758915.50000000,2021-02-20 23:59:59.999,6275031.21041400,11979,15964017.80000000,4609251.16807600,0,FETUSDT,NO_PATTERN,0.0,103.95224372169616,104.37422807739809,94.85384932070811,1,,
2021-02-20,0.6141,0.625,0.5949,0.6236,10477291.53000000,2021-02-20 23:59:59.999,6408001.73550500,17885,5242999.69000000,3211231.62375200,0,BATUSDT,NO_PATTERN,0.0,101.5469793193291,101.77495521901972,96.87347337567172,1,,
2021-02-20,282.21,288.8,273.26,280.42,43884.90954000,2021-02-20 23:59:59.999,12297763.14320080,26272,21939.22635000,6149603.88971300,0,XMRUSDT,NO_PATTERN,0.0,99.36572056270154,102.33514049821055,96.82860281350769,1,,
2021-02-20,180.2,185.33,175.35,179.75,139222.32885000,2021-02-20 23:59:59.999,25026432.62757580,43952,67328.90934000,12104558.42017810,0,ZECUSDT,NO_PATTERN,0.0,99.75027746947836,102.84683684794673,97.3085460599334,3,,
2021-02-20,0.043598,0.044302,0.041056,0.04405,424306910.00000000,2021-02-20 23:59:59.999,18234951.35800600,33962,200919790.00000000,8639386.96582900,0,IOSTUSDT,NO_PATTERN,0.0,101.03674480480755,101.61475297031974,94.16945731455573,1,,
2021-02-20,0.02107,0.02207,0.02009,0.02191,99727332.70000000,2021-02-20 23:59:59.999,2122784.84798100,11600,45846605.30000000,977018.64755700,0,CELRUSDT,CDLENGULFING_Bull,1.0,103.98671096345515,104.74608448030376,95.34883720930233,1,84.0,100.0
2021-02-20,323.79,326.86,311.76,322.06,88459.54793000,2021-02-20 23:59:59.999,28237516.05408890,38048,46942.41978000,14984224.42929410,0,DASHUSDT,NO_PATTERN,0.0,99.46570307915624,100.94814540288459,96.28462892615583,1,,
2021-02-20,7.2071,7.2882,7.0075,7.2865,370450.52000000,2021-02-20 23:59:59.999,2653442.79312500,10834,173701.67000000,1245073.10759200,0,NANOUSDT,NO_PATTERN,0.0,101.10169138765941,101.12527923852868,97.23050880381847,1,,
2021-02-20,6.5383,6.7748,6.3858,6.7057,1880906.04000000,2021-02-20 23:59:59.999,12352580.09769400,27440,893847.98000000,5865932.67285200,0,OMGUSDT,CDLHIKKAKE_Bull,1.0,102.56029854855238,103.617148188367,97.6675894345625,1,85.0,200.0
2021-02-20,3.70856,3.82391,3.66,3.78583,2726629.00000000,2021-02-20 23:59:59.999,10256163.17376600,24115,1400875.60000000,5272632.00389800,0,THETAUSDT,NO_PATTERN,0.0,102.08355803869966,103.11037168065234,98.69059688935869,1,,
2021-02-20,0.60088,0.60596,0.57444,0.58717,8168555.70000000,2021-02-20 23:59:59.999,4781312.85112900,14396,3624769.40000000,2122978.52100000,0,ENJUSDT,CDLTASUKIGAP_Bull,1.0,97.71834642524297,100.84542670749568,95.59978697909732,1,5.0,100.0
2021-02-20,0.02529,0.026,0.02401,0.02546,28651859.50000000,2021-02-20 23:59:59.999,712213.65387700,6067,14894115.30000000,370113.33050500,0,MITHUSDT,NO_PATTERN,0.0,100.67220245156187,102.80743376828785,94.93871095294583,1,,
2021-02-20,0.15339,0.17998,0.15172,0.17174,415950715.40000000,2021-02-20 23:59:59.999,69855757.69808700,138350,210747319.80000000,35404308.65463600,0,MATICUSDT,NO_PATTERN,0.0,111.96297020666275,117.33489797248843,98.9112719212465,1,,
2021-02-20,22.898,24.498,22.266,23.88,1553984.26400000,2021-02-20 23:59:59.999,36515435.15005700,60105,790151.79300000,18571540.86296600,0,ATOMUSDT,NO_PATTERN,0.0,104.28858415582147,106.9875098261857,97.23993361865665,1,,
2021-02-20,0.086839,0.099,0.079338,0.091467,168728106.00000000,2021-02-20 23:59:59.999,14274197.94578400,42259,83944240.00000000,7070952.49191100,0,TFUELUSDT,NO_PATTERN,0.0,105.32940268773248,114.00407650940248,91.36217598083812,1,,
2021-02-20,0.03269,0.035,0.03138,0.03192,194975457.70000000,2021-02-20 23:59:59.999,6419419.50687700,33325,109332515.90000000,3616621.72937600,0,ONEUSDT,NO_PATTERN,0.0,97.64453961456103,107.06638115631695,95.99265830529214,1,,
2021-02-20,0.24182,0.29,0.22807,0.27524,125493964.80000000,2021-02-20 23:59:59.999,33585644.89426900,73644,70281136.10000000,18794549.95982500,0,FTMUSDT,NO_PATTERN,0.0,113.82019684062526,119.92391034653873,94.31395252667272,1,,
2021-02-20,1.371,1.39,1.3245,1.3706,16252633.26000000,2021-02-20 23:59:59.999,22008787.66658900,49677,7825444.19000000,10603312.90644700,0,ALGOUSDT,CDLMATCHINGLOW_Bull,1.0,99.9708242159008,101.38584974471188,96.60831509846827,1,7.0,100.0
2021-02-20,0.02592,0.02647,0.02554,0.02635,14621966.10000000,2021-02-20 23:59:59.999,380241.84626600,3398,6683293.80000000,174114.06956600,0,GTOUSDT,NO_PATTERN,0.0,101.65895061728396,102.12191358024691,98.53395061728396,1,,
2021-02-20,0.055033,0.0553865,0.053,0.054633,1158719526.00000000,2021-02-20 23:59:59.999,62654480.44656870,105921,562155054.00000000,30419736.20525600,0,DOGEUSDT,CDLMATCHINGLOW_Bull,2.0,99.27316337470245,100.6423418676067,96.30585285192521,1,7.0,100.0
2021-02-20,0.23,0.244,0.2209,0.2373,3225543.90000000,2021-02-20 23:59:59.999,743435.26101500,5782,1642684.13000000,378442.05872700,0,DUSKUSDT,NO_PATTERN,0.0,103.17391304347827,106.08695652173911,96.04347826086956,1,,
2021-02-20,0.028974,0.030751,0.028,0.030223,137254503.00000000,2021-02-20 23:59:59.999,4006734.10344000,20196,69328743.00000000,2029591.18260800,0,ANKRUSDT,NO_PATTERN,0.0,104.31076137226478,106.13308483467938,96.63836543107614,1,,
2021-02-20,0.00025578,0.000261,0.00024478,0.00025451,6815836540.00000000,2021-02-20 23:59:59.999,1710249.26265374,14286,3323427460.00000000,834476.68251148,0,WINUSDT,NO_PATTERN,0.0,99.50347955274064,102.04081632653062,95.69942919696615,1,,
2021-02-20,0.01889,0.0197,0.01866,0.01888,37407867.30000000,2021-02-20 23:59:59.999,711607.69601800,8733,17820842.30000000,339798.08759200,0,COSUSDT,CDLHIKKAKE_Bear,1.0,99.94706193753309,104.28798305982001,98.78242456326099,1,83.0,100.0
2021-02-20,0.0013762,0.0014416,0.001336,0.0014371,3347215233.00000000,2021-02-20 23:59:59.999,4642292.04665910,17718,1616290419.00000000,2245949.61914300,0,NPXSUSDT,NO_PATTERN,0.0,104.42522889114953,104.75221624763842,97.07891294869931,1,,
2021-02-20,0.9915,0.9994,0.94,0.9685,1783366.42000000,2021-02-20 23:59:59.999,1722550.91498900,10166,740386.62000000,716892.17257800,0,COCOSUSDT,NO_PATTERN,0.0,97.68028240040343,100.79677256681794,94.80584972264245,1,,
2021-02-20,1.035,1.0627,0.9838,1.0491,496756.25000000,2021-02-20 23:59:59.999,504271.02763500,3729,264062.52000000,269705.01602500,0,MTLUSDT,CDLHIKKAKE_Bear,1.0,101.36231884057972,102.67632850241546,95.05314009661836,1,83.0,100.0
2021-02-20,2.0887,2.1245,1.9815,2.1055,1317762.78000000,2021-02-20 23:59:59.999,2695625.01101100,13521,713347.11000000,1461828.14710200,0,TOMOUSDT,NO_PATTERN,0.0,100.8043280509408,101.71398477521905,94.86762100828268,1,,
2021-02-20,0.07544,0.07571,0.07242,0.0752,10543869.30000000,2021-02-20 23:59:59.999,776541.62509700,4913,4380386.40000000,323196.55115800,0,PERLUSDT,CDLMATCHINGLOW_Bull,2.0,99.68186638388124,100.35790031813363,95.99681866383882,1,7.0,100.0
2021-02-20,0.001353,0.0014197,0.0013075,0.0013654,1312733511.00000000,2021-02-20 23:59:59.999,1803850.90741330,12819,654695618.00000000,900979.58275900,0,DENTUSDT,NO_PATTERN,0.0,100.91648189209164,104.92978566149299,96.63710273466371,1,,
2021-02-20,0.020845,0.020963,0.019392,0.019994,184710391.00000000,2021-02-20 23:59:59.999,3666263.09274600,14828,103484061.00000000,2054536.69023300,0,MFTUSDT,NO_PATTERN,0.0,95.91748620772368,100.56608299352364,93.02950347805229,1,,
2021-02-20,0.008112,0.01072,0.007536,0.009636,1043815892.00000000,2021-02-20 23:59:59.999,9813067.95424000,32279,556468042.00000000,5260073.30766900,0,KEYUSDT,NO_PATTERN,0.0,118.78698224852073,132.14990138067063,92.89940828402368,1,,
2021-02-20,0.049001,0.0495,0.047444,0.049389,10074014.00000000,2021-02-20 23:59:59.999,487206.66489000,2908,4520707.00000000,219243.55384900,0,DOCKUSDT,CDLHIKKAKE_Bull,1.0,100.79182057509031,101.01834656435582,96.82251382624844,1,85.0,100.0
2021-02-20,1.1513,1.1529,0.9855,1.1033,1500916.37000000,2021-02-20 23:59:59.999,1633240.78530200,10187,670652.43000000,731753.78316100,0,WANUSDT,NO_PATTERN,0.0,95.83079996525666,100.13897333449144,85.59888821332407,1,,
2021-02-20,0.035044,0.035489,0.033701,0.035394,12931511.00000000,2021-02-20 23:59:59.999,445849.31487200,3814,5849377.00000000,201877.86183200,0,FUNUSDT,NO_PATTERN,0.0,100.99874443556673,101.26983221093482,96.167674922954,1,,
2021-02-20,0.51036,0.51167,0.4732,0.48905,8651113.30000000,2021-02-20 23:59:59.999,4204438.07444400,17491,4299165.00000000,2089761.45039700,0,CVCUSDT,NO_PATTERN,0.0,95.82451602790186,100.25668155811583,92.7188651148209,1,,
2021-02-20,0.053329,0.056,0.0498,0.055048,360599452.00000000,2021-02-20 23:59:59.999,18670775.12992100,52129,177299122.00000000,9187346.58762100,0,CHZUSDT,NO_PATTERN,0.0,103.22338690018564,105.00853194322039,93.38258733522098,1,,
2021-02-20,18.2174,18.4704,17.2,18.0499,648073.86000000,2021-02-20 23:59:59.999,11446286.23803500,28691,285234.66000000,5046189.45527300,0,BANDUSDT,NO_PATTERN,0.0,99.0805493648929,101.38878215332593,94.41522939607188,1,,
2021-02-20,0.9998,1.0001,0.9994,0.9998,380701673.18000000,2021-02-20 23:59:59.999,380599473.98709900,176818,180613149.68000000,180571772.33235000,0,BUSDUSDT,CDLHIKKAKE_Bull,1.0,100.0,100.03000600120025,99.95999199839967,1,85.0,100.0
2021-02-20,0.7027,0.7142,0.6746,0.7102,732020.90000000,2021-02-20 23:59:59.999,510804.15489900,5077,327013.85000000,228641.22606900,0,BEAMUSDT,NO_PATTERN,0.0,101.06731179735307,101.63654475594137,96.00113846591718,1,,
2021-02-20,4.9707,5.0698,4.8,5.0166,3421604.76000000,2021-02-20 23:59:59.999,16960838.70892700,34000,1627159.24000000,8068998.77078700,0,XTZUSDT,NO_PATTERN,0.0,100.92341118957088,101.99368298227614,96.56587603355663,1,,
2021-02-20,1.75196,1.84,1.5044,1.51,25429783.50000000,2021-02-20 23:59:59.999,42671699.31867200,91828,12401603.20000000,20879886.39003000,0,RENUSDT,NO_PATTERN,0.0,86.18918240142469,105.02522888650428,85.86954040046577,1,,
2021-02-20,0.14526,0.22031,0.13894,0.21611,460414230.90000000,2021-02-20 23:59:59.999,86084784.39120600,151286,251990299.50000000,46925820.50220800,0,RVNUSDT,NO_PATTERN,0.0,148.77461104226904,151.66597824590391,95.64918077929231,1,,
2021-02-20,0.15239,0.15331,0.14414,0.14793,48039348.80000000,2021-02-20 23:59:59.999,7068202.76244100,17717,23946872.50000000,3526187.63102000,0,HBARUSDT,CDLXSIDEGAP3METHODS_Bull,1.0,97.07329877288537,100.60371415447209,94.58625894087538,1,27.0,100.0
2021-02-20,0.05445,0.056,0.0521,0.05405,6359939.10000000,2021-02-20 23:59:59.999,340023.16404600,2268,3141006.10000000,169104.70011100,0,NKNUSDT,CDLTASUKIGAP_Bull,2.0,99.26538108356291,102.84664830119377,95.68411386593205,1,5.0,100.0
2021-02-20,0.8369,0.8551,0.7975,0.829,3909490.01000000,2021-02-20 23:59:59.999,3191172.94854600,12244,1574496.74000000,1288200.01285100,0,STXUSDT,NO_PATTERN,0.0,99.05604014816585,102.17469231688374,95.29214959971323,1,,
2021-02-20,4.965,4.994,4.7,4.9369,1426805.67000000,2021-02-20 23:59:59.999,6914669.34353700,22044,647794.60000000,3139042.84226000,0,KAVAUSDT,CDLMATCHINGLOW_Bull,1.0,99.43403826787512,100.5840886203424,94.662638469285,1,7.0,100.0
2021-02-20,0.04776,0.0495,0.04705,0.04825,25002359.20000000,2021-02-20 23:59:59.999,1204715.77649700,8748,12298055.50000000,593666.14274800,0,ARPAUSDT,NO_PATTERN,0.0,101.02596314907875,103.64321608040201,98.51340033500838,1,,
2021-02-20,0.024646,0.026,0.023761,0.025003,51791726.00000000,2021-02-20 23:59:59.999,1270809.76785000,11460,26742212.00000000,657589.36888400,0,IOTXUSDT,CDLHIKKAKE_Bull,1.0,101.44851091455003,105.4937920960805,96.4091536151911,1,85.0,100.0
2021-02-20,2.143,2.2124,2.0718,2.1836,534716.19000000,2021-02-20 23:59:59.999,1139847.00418000,9169,252076.08000000,537224.05292700,0,RLCUSDT,NO_PATTERN,0.0,101.89454036397576,103.23845076994868,96.67755482967803,1,,
2021-02-20,0.2203,0.2209,0.21,0.2188,1742580.46000000,2021-02-20 23:59:59.999,376977.96776100,2753,731290.74000000,158620.99546300,0,CTXCUSDT,CDLMATCHINGLOW_Bull,1.0,99.31911030413073,100.27235587834771,95.32455742169769,1,7.0,100.0
2021-02-20,718.95,748.88,708.22,740.8,121745.73346000,2021-02-20 23:59:59.999,88523826.38644060,71061,61425.66942000,44685063.89496500,0,BCHUSDT,NO_PATTERN,0.0,103.03915432227552,104.163015508728,98.50754572640656,3,,
2021-02-20,0.0089863,0.0094645,0.0088617,0.0092336,47868875.00000000,2021-02-20 23:59:59.999,438991.32354650,4576,28568402.00000000,262292.78354570,0,TROYUSDT,CDLHIKKAKE_Bear,2.0,102.75196688292179,105.32143373802344,98.61344491058613,1,83.0,100.0
2021-02-20,0.0393,0.04103,0.03873,0.03955,14576015.70000000,2021-02-20 23:59:59.999,575149.04706800,2191,7185774.70000000,283797.21682500,0,VITEUSDT,CDLGAPSIDESIDEWHITE_Bull,1.0,100.63613231552162,104.40203562340966,98.54961832061069,1,46.0,100.0
2021-02-20,34.565,35.0,33.0,33.716,320829.23400000,2021-02-20 23:59:59.999,10847529.22482800,17270,140794.93700000,4770273.90074000,0,FTTUSDT,NO_PATTERN,0.0,97.54375813684364,101.25849848112254,95.47229856791553,1,,
2021-02-20,1.2105,1.2196,1.2093,1.2143,20866403.39000000,2021-02-20 23:59:59.999,25331058.68978500,56499,9753989.39000000,11841514.15454700,0,EURUSDT,NO_PATTERN,0.0,100.31391986782322,100.75175547294508,99.9008674101611,1,,
2021-02-20,0.3788,0.3936,0.3631,0.3904,6406983.12000000,2021-02-20 23:59:59.999,2431148.15591600,10423,3202093.97000000,1217471.33057700,0,OGNUSDT,NO_PATTERN,0.0,103.0623020063358,103.90707497360083,95.85533262935584,1,,
2021-02-20,0.008027,0.008064,0.007537,0.007949,24831061.00000000,2021-02-20 23:59:59.999,196302.10257300,1874,8255659.00000000,65289.30091000,0,DREPUSDT,CDLHIKKAKE_Bull,1.0,99.02827955649683,100.46094431294381,93.89560234209544,1,85.0,100.0
2021-02-20,0.026779,0.027294,0.026166,0.026938,13048808.00000000,2021-02-20 23:59:59.999,347245.81718100,2426,6270543.00000000,166949.83227500,0,TCTUSDT,NO_PATTERN,0.0,100.59374883304082,101.92314873594981,97.71089286381118,1,,
2021-02-20,0.31712,0.35,0.29406,0.31314,21549144.20000000,2021-02-20 23:59:59.999,6754051.88218400,31153,10133631.40000000,3186477.59728400,0,WRXUSDT,NO_PATTERN,0.0,98.74495459132189,110.36831483350151,92.72830474268416,1,,
2021-02-20,0.06338,0.06524,0.0607,0.06457,26408795.30000000,2021-02-20 23:59:59.999,1678570.49429200,8361,12204122.70000000,774015.42110100,0,BTSUSDT,CDLGAPSIDESIDEWHITE_Bull,1.0,101.877563900284,102.9346797096876,95.7715367623856,1,46.0,100.0
2021-02-20,3.8719,4.3464,3.6836,4.0056,1236915.98000000,2021-02-20 23:59:59.999,5008893.42172900,19180,615615.31000000,2482402.63283700,0,LSKUSDT,NO_PATTERN,0.0,103.45308504868412,112.25496526253261,95.13675456494228,1,,
2021-02-20,5.4611,5.5171,5.2069,5.3965,1448535.44000000,2021-02-20 23:59:59.999,7746934.79774800,14267,719017.28000000,3843503.22688100,0,BNTUSDT,CDLHIKKAKE_Bull,1.0,98.81708813242753,101.02543443628574,95.34526011243156,1,85.0,100.0
2021-02-20,0.38483,0.39,0.37,0.38608,1603608.50000000,2021-02-20 23:59:59.999,607648.11896200,3680,1008496.10000000,382386.22993100,0,LTOUSDT,NO_PATTERN,0.0,100.32481875113686,101.34345035470207,96.14635033651223,1,,
2021-02-20,0.1736,0.1774,0.1617,0.1759,9249166.75000000,2021-02-20 23:59:59.999,1574877.19840000,10086,4175542.04000000,710988.42996000,0,AIONUSDT,CDLHIKKAKE_Bull,1.0,101.32488479262673,102.18894009216591,93.14516129032259,1,85.0,100.0
2021-02-20,0.003978,0.003981,0.003656,0.003802,228359741.00000000,2021-02-20 23:59:59.999,863411.68666400,7110,113227844.00000000,427955.27035200,0,MBLUSDT,CDLHIKKAKE_Bear,2.0,95.57566616390146,100.07541478129713,91.90548014077426,1,83.0,100.0
2021-02-20,0.17175,0.183,0.1675,0.17518,35955192.70000000,2021-02-20 23:59:59.999,6316791.67118500,24731,17740575.60000000,3119828.27939300,0,COTIUSDT,NO_PATTERN,0.0,101.99708879184861,106.55021834061134,97.5254730713246,1,,
2021-02-20,0.04673,0.0468,0.041,0.04467,33880636.90000000,2021-02-20 23:59:59.999,1488573.13967600,8812,14360344.10000000,634887.87790100,0,STPTUSDT,CDLENGULFING_Bear,1.0,95.59169698266639,100.14979670447251,87.73806976246523,1,91.0,100.0
2021-02-20,1.1311,1.1413,1.0859,1.1245,914045.47000000,2021-02-20 23:59:59.999,1014584.54085300,6614,490336.42000000,543917.13586300,0,WTCUSDT,CDLMATCHINGLOW_Bull,1.0,99.41649721510035,100.90177703120855,96.00389001856601,1,7.0,100.0
2021-02-20,0.11486,0.11753,0.1111,0.11748,3698062.60000000,2021-02-20 23:59:59.999,422111.62582800,3561,1760484.90000000,201348.06987700,0,DATAUSDT,NO_PATTERN,0.0,102.28103778512971,102.32456904057112,96.7264495908062,1,,
2021-02-20,11.4845,11.8327,10.8478,11.248,1349867.60000000,2021-02-20 23:59:59.999,15185482.82625800,30171,722964.93000000,8125707.17979100,0,SOLUSDT,NO_PATTERN,0.0,97.94070268622926,103.0319125778223,94.45600592102397,1,,
2021-02-20,0.2107,0.216,0.20353,0.20816,7396602.40000000,2021-02-20 23:59:59.999,1537259.79189200,9610,3219597.60000000,670891.75053000,0,CTSIUSDT,NO_PATTERN,0.0,98.79449454200285,102.515424774561,96.5970574276222,1,,
2021-02-20,0.3254,0.3254,0.304,0.3175,1805644.70000000,2021-02-20 23:59:59.999,565999.69248200,5961,939059.77000000,294586.91457600,0,HIVEUSDT,NO_PATTERN,0.0,97.57221880762138,100.0,93.42347879532882,1,,
2021-02-20,0.0617,0.0635,0.05925,0.06314,12523444.20000000,2021-02-20 23:59:59.999,764661.05551800,5477,6215315.10000000,380274.97009400,0,CHRUSDT,NO_PATTERN,0.0,102.33387358184764,102.91734197730958,96.0291734197731,1,,
2021-02-20,0.6814,0.6858,0.658,0.678,414335.41000000,2021-02-20 23:59:59.999,276071.29093900,2576,188212.22000000,125767.56077000,0,GXSUSDT,CDLMATCHINGLOW_Bull,2.0,99.50102729674201,100.64572938068682,96.56589374816555,1,7.0,100.0
2021-02-20,0.20212,0.20438,0.18995,0.20041,6219315.80000000,2021-02-20 23:59:59.999,1218943.51626000,4788,3250199.40000000,639197.08028100,0,ARDRUSDT,CDLENGULFING_Bear,1.0,99.15396793983773,101.11814763506828,93.97882446071641,1,91.0,100.0
2021-02-20,0.059,0.05934,0.05631,0.05714,4816920.40000000,2021-02-20 23:59:59.999,277898.79174200,2559,2569270.40000000,148632.15800200,0,MDTUSDT,NO_PATTERN,0.0,96.84745762711864,100.57627118644068,95.44067796610169,1,,
2021-02-20,0.011135,0.011388,0.010601,0.011097,192093186.00000000,2021-02-20 23:59:59.999,2110950.23525100,11813,98687236.00000000,1086094.70423800,0,STMXUSDT,CDLMATCHINGLOW_Bull,1.0,99.65873372249662,102.27211495285135,95.20431073192634,1,7.0,100.0
2021-02-20,2.19,2.255,2.118,2.244,1236732.53500000,2021-02-20 23:59:59.999,2703998.51794100,13153,657706.54600000,1438974.73181300,0,KNCUSDT,NO_PATTERN,0.0,102.46575342465756,102.96803652968036,96.7123287671233,1,,
2021-02-20,35.492,45.212,35.492,38.498,165081.93000000,2021-02-20 23:59:59.999,6379015.83988400,21841,91913.04100000,3556628.79501700,0,REPUSDT,NO_PATTERN,0.0,108.46951425673393,127.3864532852474,100.0,1,,
2021-02-20,0.73923,0.77929,0.71931,0.77387,4222353.80000000,2021-02-20 23:59:59.999,3160272.56012100,11550,2242570.40000000,1678775.39695200,0,LRCUSDT,NO_PATTERN,0.0,104.68595700932049,105.41915236124075,97.30530416785032,1,,
2021-02-20,1.8895,1.9751,1.86,1.9369,1455493.69000000,2021-02-20 23:59:59.999,2772563.34089000,13944,645326.73000000,1234565.25164000,0,PNTUSDT,NO_PATTERN,0.0,102.50860015877217,104.530299020905,98.43874040751523,1,,
2021-02-20,451.15,477.12,435.27,469.6,18272.20820000,2021-02-20 23:59:59.999,8235273.84852180,19150,10187.03402000,4585051.57675790,0,COMPUSDT,NO_PATTERN,0.0,104.08954893051092,105.75640031031807,96.48010639476892,1,,
2021-02-20,0.013468,0.013621,0.013175,0.0134,119387586.00000000,2021-02-20 23:59:59.999,1594791.35678400,10252,64240196.00000000,859355.31370400,0,SCUSDT,NO_PATTERN,0.0,99.4950994950995,101.13602613602612,97.8244728244728,1,,
2021-02-20,75.953,77.99,71.948,76.209,128885.84200000,2021-02-20 23:59:59.999,9565832.01841100,31404,62612.37000000,4646001.61546500,0,ZENUSDT,CDLHIKKAKE_Bull,1.0,100.33705054441562,102.68192171474465,94.72700222506022,1,85.0,100.0
2021-02-20,22.299,24.326,21.353,24.225,707294.30300000,2021-02-20 23:59:59.999,16467235.80544100,42303,364039.55100000,8481813.12835600,0,SNXUSDT,NO_PATTERN,0.0,108.63715861697835,109.09009372617606,95.75765729404907,1,,
2021-02-20,0.005526,0.00575,0.00508,0.00575,403160414.00000000,2021-02-20 23:59:59.999,2183209.44771900,19393,203113099.00000000,1106747.52924500,0,VTHOUSDT,NO_PATTERN,0.0,104.05356496561708,104.05356496561708,91.9290626131017,1,,
2021-02-20,0.08361,0.08575,0.07462,0.08109,79152972.50000000,2021-02-20 23:59:59.999,6208258.52995600,22548,39672308.70000000,3108788.87172200,0,DGBUSDT,NO_PATTERN,0.0,96.98600645855758,102.55950245185983,89.2476976438225,1,,
2021-02-20,1.3954,1.3972,1.394,1.3967,6743997.24000000,2021-02-20 23:59:59.999,9415369.44929700,22841,2778180.39000000,3878710.56681000,0,GBPUSDT,NO_PATTERN,0.0,100.0931632506808,100.12899527017342,99.89967034542066,1,,
2021-02-20,3.485,3.754,3.249,3.442,22716792.47700000,2021-02-20 23:59:59.999,78467028.58674300,123391,11860425.88200000,41044743.83910300,0,SXPUSDT,NO_PATTERN,0.0,98.76614060258251,107.71879483500717,93.22812051649929,1,,
2021-02-20,2570.76,2708.67,2490.1,2697.26,1604.07652000,2021-02-20 23:59:59.999,4182788.86594440,13075,754.18065000,1963890.79576520,0,MKRUSDT,NO_PATTERN,0.0,104.92072383264093,105.36456145264435,96.86240644789866,1,,
2021-02-20,144.542,154.0,141.227,152.465,11008.10200000,2021-02-20 23:59:59.999,1624294.06806500,11044,5575.06300000,825907.61009100,0,DCRUSDT,NO_PATTERN,0.0,105.48145175796655,106.5434268240373,97.70654896154751,1,,
2021-02-20,0.8448,0.8606,0.8166,0.8546,2267935.11000000,2021-02-20 23:59:59.999,1903927.64167000,11596,1164477.64000000,978686.84175600,0,STORJUSDT,NO_PATTERN,0.0,101.16003787878789,101.87026515151516,96.66193181818183,1,,
2021-02-20,0.32744,0.32969,0.314,0.32295,13421019.70000000,2021-02-20 23:59:59.999,4297712.15793000,15105,6361208.90000000,2037929.64974100,0,MANAUSDT,NO_PATTERN,0.0,98.62875641338871,100.68714879061812,95.89543122404103,1,,
2021-02-20,0.78147,0.78471,0.7775,0.78094,7566096.80000000,2021-02-20 23:59:59.999,5912220.68394300,9005,3272364.80000000,2557514.52384800,0,AUDUSDT,NO_PATTERN,0.0,99.93217909836589,100.41460324772544,99.49198305757099,1,,
2021-02-20,44711.81,47267.31,43507.4,46485.19,581.33587200,2021-02-20 23:59:59.999,26443021.09764510,40808,295.37114500,13449675.80020381,0,YFIUSDT,NO_PATTERN,0.0,103.96624515983586,105.71549217086044,97.30628216571864,1,,
2021-02-20,44.191,46.645,43.0,46.186,64852.20700000,2021-02-20 23:59:59.999,2930996.90650500,10572,35881.99900000,1623218.91763100,0,BALUSDT,NO_PATTERN,0.0,104.51449390147314,105.55316693444368,97.30488108438368,1,,
2021-02-20,0.22755,0.22872,0.21695,0.22457,5520361.80000000,2021-02-20 23:59:59.999,1221591.84295600,6678,2715991.60000000,601952.65018600,0,BLZUSDT,CDLMATCHINGLOW_Bull,2.0,98.69039771478796,100.51417270929466,95.3416831465612,1,7.0,100.0
2021-02-20,0.13799,0.14677,0.13521,0.14441,6693656.10000000,2021-02-20 23:59:59.999,935665.11256400,5063,3227914.50000000,453007.55105100,0,IRISUSDT,NO_PATTERN,0.0,104.6525110515255,106.36277991158781,97.98536125806217,1,,
2021-02-20,1.4642,1.5,1.4235,1.49,516198.78000000,2021-02-20 23:59:59.999,760003.58146100,6293,301068.02000000,443838.03375800,0,KMDUSDT,NO_PATTERN,0.0,101.7620543641579,102.44502117197105,97.22032509220053,1,,
2021-02-20,0.06675,0.083,0.06422,0.07149,189786970.40000000,2021-02-20 23:59:59.999,13464160.07474500,42794,90440370.50000000,6396438.13155000,0,JSTUSDT,NO_PATTERN,0.0,107.10112359550561,124.34456928838951,96.20973782771534,1,,
2021-02-20,5.1,5.26,4.644,5.2206,3379181.33000000,2021-02-20 23:59:59.999,16620893.34081700,40600,1702571.72000000,8386211.87244800,0,SRMUSDT,NO_PATTERN,0.0,102.36470588235295,103.1372549019608,91.05882352941177,1,,
2021-02-20,5.9617,6.1599,5.85,6.0766,221642.10000000,2021-02-20 23:59:59.999,1332148.19057700,7919,100298.26000000,603289.24815800,0,ANTUSDT,NO_PATTERN,0.0,101.92730261502592,103.32455507657212,98.12637334988341,1,,
2021-02-20,2.631,3.019,2.564,3.019,9423472.09900000,2021-02-20 23:59:59.999,26837870.92123000,47994,4903969.48300000,13973860.58233400,0,CRVUSDT,NO_PATTERN,0.0,114.74724439376665,114.74724439376665,97.45343975674649,1,,
2021-02-20,0.306493,0.309029,0.287192,0.306301,19144985.00000000,2021-02-20 23:59:59.999,5678492.93331800,19973,9855983.00000000,2924728.69618800,0,SANDUSDT,CDLMATCHINGLOW_Bull,1.0,99.93735582868123,100.82742509616858,93.70262942383675,1,7.0,100.0
2021-02-20,1.106,1.1573,1.0682,1.156,6035392.82000000,2021-02-20 23:59:59.999,6685560.10251400,17533,3194936.47000000,3545149.31655900,0,OCEANUSDT,CDLHIKKAKE_Bull,1.0,104.52079566003616,104.6383363471971,96.58227848101265,1,85.0,100.0
2021-02-20,41.581,42.5,40.49,42.112,14301.00800000,2021-02-20 23:59:59.999,594950.42864000,4619,7795.32100000,324419.21998300,0,NMRUSDT,NO_PATTERN,0.0,101.27702556456073,102.2101440561795,97.37620547846372,1,,
2021-02-20,34.8093,39.3946,34.7,39.3751,10362389.29000000,2021-02-20 23:59:59.999,389009064.19007000,324156,5184804.34000000,194448301.17053400,0,DOTUSDT,NO_PATTERN,0.0,113.11660964167622,113.17262915370317,99.68600345310018,2,,
2021-02-20,6.3101,6.4507,6.1111,6.4235,2302555.09000000,2021-02-20 23:59:59.999,14478270.93074900,28675,1014603.71000000,6384249.81725400,0,LUNAUSDT,NO_PATTERN,0.0,101.79711890461323,102.22817387997021,96.84632573176336,1,,
2021-02-20,0.06046,0.0635,0.05824,0.06144,94789000.40000000,2021-02-20 23:59:59.999,5815971.89360500,23252,49311917.40000000,3028043.09021800,0,RSRUSDT,CDLHIKKAKE_Bear,1.0,101.62090638438637,105.02811776381078,96.32815084353291,1,83.0,100.0
2021-02-20,1807.05,1851.81,1801.24,1807.23,976.36848100,2021-02-20 23:59:59.999,1769403.20099340,9169,576.91287800,1047313.49315124,0,PAXGUSDT,NO_PATTERN,0.0,100.00996098613764,102.47696521955673,99.67848150300213,1,,
2021-02-20,67.799,69.2,64.649,67.788,10084.70700000,2021-02-20 23:59:59.999,674856.63777600,4280,5269.65900000,353090.43645400,0,WNXMUSDT,CDLMATCHINGLOW_Bull,2.0,99.98377557191107,102.06640215932387,95.35391377453945,1,7.0,100.0
2021-02-20,53.99,54.439,51.404,52.951,44203.69300000,2021-02-20 23:59:59.999,2325488.33020400,10274,21785.97600000,1147532.80465400,0,TRBUSDT,NO_PATTERN,0.0,98.07556954991665,100.83163548805334,95.21022411557696,1,,
2021-02-20,0.6094,0.6413,0.5867,0.6221,4755787.20000000,2021-02-20 23:59:59.999,2924810.80154400,12753,2470537.54000000,1520682.21423600,0,BZRXUSDT,NO_PATTERN,0.0,102.0840170659665,105.23465703971118,96.27502461437479,1,,
2021-02-20,14.546,16.95,14.391,16.841,4690597.20600000,2021-02-20 23:59:59.999,73865633.25407800,107921,2523061.30300000,39744809.02474200,0,SUSHIUSDT,NO_PATTERN,0.0,115.77753334249967,116.52688024199091,98.93441495943902,1,,
2021-02-20,3528.75,3676.0,3392.63,3573.55,2373.04492200,2021-02-20 23:59:59.999,8385331.66983873,20396,1167.12712700,4125112.43547058,0,YFIIUSDT,CDL3OUTSIDE_Bull,1.0,101.2695713779667,104.17286574566064,96.14254339355296,1,34.0,100.0
2021-02-20,224.158,243.0,219.873,238.12,50302.95800000,2021-02-20 23:59:59.999,11832024.26549500,30989,27468.92000000,6471111.38347700,0,KSMUSDT,NO_PATTERN,0.0,106.22864229695126,108.40567813774213,98.08840193078096,1,,
2021-02-20,139.636,149.952,133.639,146.985,135629.25100000,2021-02-20 23:59:59.999,19258802.79289800,43943,69373.85900000,9867167.58006700,0,EGLDUSDT,NO_PATTERN,0.0,105.26296943481626,107.38777965567618,95.70526225328713,1,,
2021-02-20,3.133,3.147,2.91,3.081,1110855.61300000,2021-02-20 23:59:59.999,3350921.10631800,13014,511792.07900000,1545854.09220000,0,DIAUSDT,NO_PATTERN,0.0,98.3402489626556,100.4468560485158,92.8822215129269,1,,
2021-02-20,4.78,5.0892,4.5155,5.0886,2155009.96000000,2021-02-20 23:59:59.999,10271406.41521400,22195,1108919.13000000,5294594.28265100,0,RUNEUSDT,NO_PATTERN,0.0,106.45606694560668,106.46861924686193,94.46652719665272,1,,
2021-02-20,0.175,0.1763,0.1642,0.1685,2929042.38000000,2021-02-20 23:59:59.999,493346.74271800,3928,1377035.30000000,231849.17100400,0,FIOUSDT,NO_PATTERN,0.0,96.28571428571429,100.74285714285716,93.82857142857144,1,,
2021-02-20,25.658,27.4,25.5,26.839,50397.21400000,2021-02-20 23:59:59.999,1332433.53570400,4720,25459.03900000,673946.95288200,0,UMAUSDT,NO_PATTERN,0.0,104.60285291137265,106.7893054797724,99.3842076545327,1,,
2021-02-20,3.3162,3.4116,3.22,3.3206,864263.71000000,2021-02-20 23:59:59.999,2863917.68144100,11477,423420.89000000,1404339.89289700,0,BELUSDT,CDLGAPSIDESIDEWHITE_Bull,1.0,100.13268198540499,102.87678668355346,97.09908931910019,1,46.0,100.0
2021-02-20,34.891,36.9,33.725,36.018,31298.30100000,2021-02-20 23:59:59.999,1116859.09343800,6158,16772.68600000,601398.62679700,0,WINGUSDT,NO_PATTERN,0.0,103.23005932762031,105.75793184488838,96.65816399644609,1,,
2021-02-20,20.0744,24.9499,19.5026,24.0355,5012047.70000000,2021-02-20 23:59:59.999,110561908.40704100,152270,2611984.75000000,57869723.60557800,0,UNIUSDT,CDLENGULFING_Bull,1.0,119.73209660064559,124.28715179532139,97.15159606264695,2,84.0,100.0
2021-02-20,0.02194,0.0225,0.02133,0.02203,22577112.80000000,2021-02-20 23:59:59.999,494707.67470900,4059,10073922.30000000,220875.01333600,0,NBSUSDT,CDLHIKKAKE_Bull,1.0,100.4102096627165,102.55241567912488,97.21969006381038,1,85.0,100.0
2021-02-20,0.6526,0.6754,0.6258,0.648,4973393.84000000,2021-02-20 23:59:59.999,3244136.93464900,14534,2420917.39000000,1580556.38083200,0,OXTUSDT,NO_PATTERN,0.0,99.29512718357341,103.49371743794056,95.89334967821024,1,,
2021-02-20,17.252,17.5,16.0,16.979,515964.97200000,2021-02-20 23:59:59.999,8667639.45841100,16471,311339.79600000,5257282.94786400,0,SUNUSDT,NO_PATTERN,0.0,98.41757477393925,101.4375144910735,92.74287039183864,1,,
2021-02-20,38.7264,40.9,37.5,40.8,529266.38000000,2021-02-20 23:59:59.999,20624088.93425800,36459,280974.74000000,10954343.10709300,0,AVAXUSDT,NO_PATTERN,0.0,105.35448686167574,105.61270864319947,96.83316807139316,1,,
2021-02-20,4.565,4.6,4.45,4.565,257821.43900000,2021-02-20 23:59:59.999,1165930.32124300,8049,140159.26300000,634195.84007700,0,HNTUSDT,NO_PATTERN,0.0,100.0,100.76670317634171,97.48083242059145,1,,
2021-02-20,0.5659,0.5853,0.5559,0.57,5545224.04000000,2021-02-20 23:59:59.999,3158321.60387000,12882,3055490.93000000,1741839.91496500,0,FLMUSDT,NO_PATTERN,0.0,100.7245096306768,103.42816752076341,98.23290333981268,1,,
2021-02-20,8.4473,8.5499,7.7,8.2652,194720.11000000,2021-02-20 23:59:59.999,1569375.45622200,6371,80781.51000000,654529.25986700,0,ORNUSDT,NO_PATTERN,0.0,97.84428160477312,101.2145892770471,91.15338628911013,1,,
2021-02-20,0.4676,0.4789,0.4502,0.4727,2027671.72000000,2021-02-20 23:59:59.999,936263.26208500,5432,1038562.52000000,480609.22160600,0,UTKUSDT,CDLHIKKAKE_Bull,1.0,101.09067579127459,102.41659538066723,96.27887082976902,1,85.0,100.0
2021-02-20,91.995,94.0,75.054,83.801,408870.48400000,2021-02-20 23:59:59.999,33780343.81747600,101402,189526.79700000,15674150.06540100,0,XVSUSDT,NO_PATTERN,0.0,91.09299418446655,102.17946627534104,81.58486874286646,1,,
2021-02-20,1.55485,1.68136,1.435,1.65133,11686874.80000000,2021-02-20 23:59:59.999,18390545.89908200,44646,5936361.90000000,9393198.92785200,0,ALPHAUSDT,NO_PATTERN,0.0,106.20510017043443,108.13647618741358,92.29186095121716,1,,
2021-02-20,419.588,465.0,405.6,463.319,137067.39800000,2021-02-20 23:59:59.999,59396344.75230900,75595,69325.28700000,30135969.41842200,0,AAVEUSDT,CDLENGULFING_Bull,1.0,110.4223667025749,110.82299779783978,96.66625356301897,1,84.0,100.0
2021-02-20,4.3861,4.7383,4.2102,4.4942,2332943.47000000,2021-02-20 23:59:59.999,10385839.28011000,19615,1112511.90000000,4956566.69801300,0,NEARUSDT,CDLHIKKAKE_Bear,1.0,102.46460409019403,108.02991267868948,95.98960352021159,1,83.0,100.0
2021-02-20,43.1405,49.5,43.1247,45.4758,2238627.22000000,2021-02-20 23:59:59.999,103347431.77053400,122856,1177879.29000000,54370451.06485900,0,FILUSDT,CDLHIKKAKE_Bull,1.0,105.41324277650929,114.74136831979229,99.9633754824353,3,85.0,200.0
2021-02-20,16.9764,16.9999,15.5,16.2585,212740.96000000,2021-02-20 23:59:59.999,3405872.81183500,12612,98435.55000000,1576277.84529200,0,INJUSDT,NO_PATTERN,0.0,95.77118823778893,100.13842746400886,91.30322094201361,1,,
2021-02-20,0.45593,0.45733,0.44075,0.45,2157052.00000000,2021-02-20 23:59:59.999,965530.68264600,5575,1089197.40000000,487919.95861800,0,AUDIOUSDT,NO_PATTERN,0.0,98.69936174412739,100.30706468098174,96.6705415304981,1,,
2021-02-20,2.6948,2.73,2.445,2.5584,1211794.58000000,2021-02-20 23:59:59.999,3091107.30591400,29172,643585.57000000,1642293.24602600,0,CTKUSDT,NO_PATTERN,0.0,94.93839988125278,101.30621938548316,90.73029538370194,1,,
2021-02-20,0.048894,0.050076,0.047683,0.050076,37462759.00000000,2021-02-20 23:59:59.999,1830157.71992100,10718,19706715.00000000,963979.48622400,0,AKROUSDT,NO_PATTERN,0.0,102.41747453675299,102.41747453675299,97.52321348222686,1,,
2021-02-20,1.97587,2.02895,1.89,2.02825,918147.90000000,2021-02-20 23:59:59.999,1790997.04572800,9977,535694.20000000,1046284.03811100,0,AXSUSDT,CDLHIKKAKE_Bull,1.0,102.65098412344942,102.68641155541609,95.65406631003052,1,85.0,100.0
2021-02-20,2.35,2.35,2.0,2.1553,2100937.70000000,2021-02-20 23:59:59.999,4455505.32670200,16767,960640.41000000,2038174.85172000,0,HARDUSDT,NO_PATTERN,0.0,91.71489361702127,100.0,85.1063829787234,1,,
2021-02-20,0.32836,0.3289,0.3161,0.32706,3340493.60000000,2021-02-20 23:59:59.999,1076421.15817700,5536,1624066.20000000,523720.76155700,0,DNTUSDT,NO_PATTERN,0.0,99.60409306858328,100.16445364843464,96.26629309294677,1,,
2021-02-20,1.597,1.6369,1.5603,1.6295,395798.85000000,2021-02-20 23:59:59.999,633027.01330300,3578,173012.62000000,277653.64518600,0,STRAXUSDT,NO_PATTERN,0.0,102.03506574827802,102.49843456480903,97.70194113963682,1,,
2021-02-20,26.9288,26.9846,23.9792,25.6,263410.68000000,2021-02-20 23:59:59.999,6597567.15769200,21712,129611.19000000,3249921.67328300,0,UNFIUSDT,NO_PATTERN,0.0,95.06550607528,100.20721309527347,89.04667122188883,1,,
2021-02-20,0.12989,0.13498,0.1234,0.13005,17465017.90000000,2021-02-20 23:59:59.999,2241758.23660000,12808,7977937.30000000,1027922.75979700,0,ROSEUSDT,NO_PATTERN,0.0,100.12318115328354,103.91870043883284,95.00346446993609,1,,
2021-02-20,2.735,2.7856,2.6086,2.7285,186069.96000000,2021-02-20 23:59:59.999,503171.35826800,4263,91128.71000000,246637.28002900,0,AVAUSDT,NO_PATTERN,0.0,99.76234003656307,101.85009140767825,95.3784277879342,1,,
2021-02-20,0.526,0.5641,0.5116,0.5245,39213271.33000000,2021-02-20 23:59:59.999,20925691.15548300,41093,20672066.08000000,11041374.97192200,0,XEMUSDT,NO_PATTERN,0.0,99.71482889733839,107.24334600760457,97.26235741444867,1,,
2021-02-20,0.32833,0.33,0.30162,0.31399,6933015.50000000,2021-02-20 23:59:59.999,2158719.39917500,10109,3582526.20000000,1115395.24036500,0,SKLUSDT,NO_PATTERN,0.0,95.63244296896414,100.50863460542747,91.8648920293607,1,,
2021-02-20,1.0144,1.0316,1.011,1.0181,264413.28000000,2021-02-20 23:59:59.999,269975.37112100,656,161399.32000000,164946.29395500,0,SUSDUSDT,NO_PATTERN,0.0,100.3647476340694,101.6955835962145,99.66482649842271,1,,
2021-02-20,2.16496,2.29851,2.01193,2.264,18868285.50000000,2021-02-20 23:59:59.999,40849111.66880200,68592,9296025.80000000,20206578.52911600,0,GRTUSDT,NO_PATTERN,0.0,104.57468036360946,106.16870519547703,92.9315091271894,1,,
2021-02-20,12.569,12.577,11.681,12.11,44680.22200000,2021-02-20 23:59:59.999,537195.98915300,5042,21782.63700000,262251.18519700,0,JUVUSDT,NO_PATTERN,0.0,96.3481581669186,100.0636486594001,92.93499880658761,1,,
2021-02-20,12.642,12.863,11.78,12.466,50476.40500000,2021-02-20 23:59:59.999,617010.71913300,3546,25314.95700000,309739.22765800,0,PSGUSDT,NO_PATTERN,0.0,98.60781521911089,101.74814111691188,93.18145862996361,1,,
2021-02-20,4.604,5.0569,4.44,4.9667,6221413.87000000,2021-02-20 23:59:59.999,29699591.57692700,61663,3375581.83000000,16145459.96489900,0,1INCHUSDT,NO_PATTERN,0.0,107.877932232841,109.83709817549956,96.43788010425718,1,,
2021-02-20,0.037374,0.04,0.035124,0.038792,1018345468.00000000,2021-02-20 23:59:59.999,38348636.98218700,97088,544445046.00000000,20563628.88489000,0,REEFUSDT,NO_PATTERN,0.0,103.79408144699525,107.02627495050037,93.97977203403437,1,,
2021-02-20,7.962,7.99,7.373,7.613,107297.20900000,2021-02-20 23:59:59.999,812449.86600700,5047,46663.36400000,353922.11697700,0,OGUSDT,CDLHIKKAKE_Bull,1.0,95.61667922632505,100.35167043456418,92.60236121577495,1,85.0,100.0
2021-02-20,9.719,9.72,8.901,9.307,40025.55500000,2021-02-20 23:59:59.999,368773.78767300,3201,20749.84700000,191875.76179900,0,ATMUSDT,CDLHIKKAKE_Bull,1.0,95.76088074904825,100.01028912439554,91.5834962444696,1,85.0,100.0
2021-02-20,8.43,8.822,8.349,8.598,46814.06500000,2021-02-20 23:59:59.999,400744.73135200,3659,17069.75000000,145961.82328700,0,ASRUSDT,NO_PATTERN,0.0,101.99288256227759,104.65005931198101,99.03914590747331,1,,
2021-02-20,5.265,5.4315,5.101,5.2867,271820.51000000,2021-02-20 23:59:59.999,1436947.50842500,6737,120534.36000000,638325.59432500,0,CELOUSDT,CDLGAPSIDESIDEWHITE_Bull,1.0,100.41215574548907,103.16239316239317,96.88509021842356,1,46.0,100.0
2021-02-20,0.3547,0.3641,0.3412,0.3495,2119504.37000000,2021-02-20 23:59:59.999,747442.83177500,4361,1230483.56000000,434497.53843000,0,RIFUSDT,NO_PATTERN,0.0,98.53397237101775,102.65012686777557,96.19396673244995,1,,
2021-02-20,230.996,230.999,209.5,221.352,10635.30700000,2021-02-20 23:59:59.999,2324534.33985500,9827,4630.81100000,1013898.44274700,0,BTCSTUSDT,NO_PATTERN,0.0,95.82503593135812,100.00129872378743,90.69421115517152,1,,
2021-02-20,0.4561,0.4606,0.4379,0.4598,3551710.92000000,2021-02-20 23:59:59.999,1596567.01406000,8167,1860871.86000000,838014.10128100,0,TRUUSDT,NO_PATTERN,0.0,100.81122560841919,100.9866257399693,96.00964700723526,1,,
2021-02-20,0.010053,0.01045,0.009973,0.010125,99139384.00000000,2021-02-20 23:59:59.999,1002252.04616500,3993,53716930.00000000,543497.87759600,0,CKBUSDT,NO_PATTERN,0.0,100.71620411817368,103.94906992937432,99.2042176464737,1,,
2021-02-20,0.8699,0.871,0.7647,0.802,7618738.62000000,2021-02-20 23:59:59.999,6110306.13374900,26687,3297933.08000000,2644335.83935500,0,TWTUSDT,NO_PATTERN,0.0,92.19450511553052,100.12645131624325,87.90665593746408,1,,
2021-02-20,6.802,6.853,6.452,6.535,53393.01900000,2021-02-20 23:59:59.999,351111.86997400,3145,25548.33900000,168168.48876100,0,FIROUSDT,NO_PATTERN,0.0,96.07468391649515,100.74977947662454,94.85445457218465,1,,
2021-02-20,10.1957,11.0,9.5666,10.7366,2378079.58000000,2021-02-20 23:59:59.999,24164977.75391900,66024,1197241.22000000,12234422.43751000,0,LITUSDT,NO_PATTERN,0.0,105.30517767294054,107.88861971223163,93.82975175809409,1,,
2021-02-20,2.7969,2.8,2.5377,2.6959,6878711.91000000,2021-02-20 23:59:59.999,18263632.98228600,52141,2777477.90000000,7390767.14408700,0,SFPUSDT,NO_PATTERN,0.0,96.38885909399693,100.11083699810503,90.732596803604,1,,
2021-02-20,6.225,6.499,5.762,6.363,6119643.22700000,2021-02-20 23:59:59.999,37475888.98708000,116815,3156087.85600000,19368850.04769400,0,DODOUSDT,NO_PATTERN,0.0,102.21686746987953,104.40160642570282,92.56224899598394,1,,
2021-02-20,18.934,19.0,14.5,16.57,2631860.60600000,2021-02-20 23:59:59.999,43069176.50647900,111828,1242493.60000000,20319156.14300800,0,CAKEUSDT,NO_PATTERN,0.0,87.51452413647407,100.34857927537762,76.5818104996303,1,,
